{"cameraMode":{"drawMode":0,"name":"Shaded","section":"Shading Mode"},"sceneLighting":false,"audioPlay":false,"sceneViewState":{"m_AlwaysRefresh":false,"showFog":true,"showSkybox":false,"showFlares":true,"showImageEffects":true,"showParticleSystems":true,"showVisualEffectGraphs":true,"m_FxEnabled":true},"in2DMode":false,"pivot":{"x":-0.7520294189453125,"y":3.8325958251953127,"z":-75.49392700195313},"rotation":{"x":0.06931234151124954,"y":0.6430928111076355,"z":-0.05861485376954079,"w":0.7604128122329712},"size":106.82930755615235,"orthographic":false}