{"cameraMode":{"drawMode":0,"name":"Shaded","section":"Shading Mode"},"sceneLighting":false,"audioPlay":false,"sceneViewState":{"m_AlwaysRefresh":false,"showFog":false,"showSkybox":false,"showFlares":false,"showImageEffects":false,"showParticleSystems":false,"showVisualEffectGraphs":true,"m_FxEnabled":true},"in2DMode":false,"pivot":{"x":-0.000005364418029785156,"y":1.2835553884506226,"z":0.055024221539497378},"rotation":{"x":-0.14076361060142518,"y":-0.8405731916427612,"z":0.2602279484272003,"w":-0.45408084988594057},"size":1.9179174900054932,"orthographic":false}