{"cameraMode":{"drawMode":0,"name":"Shaded","section":"Shading Mode"},"sceneLighting":false,"audioPlay":false,"sceneViewState":{"m_AlwaysRefresh":false,"showFog":true,"showSkybox":false,"showFlares":true,"showImageEffects":true,"showParticleSystems":true,"showVisualEffectGraphs":true,"m_FxEnabled":true},"in2DMode":false,"pivot":{"x":-0.027746200561523439,"y":-0.1001439094543457,"z":0.025032520294189454},"rotation":{"x":-0.008447549305856228,"y":0.4750179946422577,"z":0.0045660207979381088,"w":0.8799422979354858},"size":7.031704425811768,"orthographic":false}