{"cameraMode":{"drawMode":0,"name":"Shaded","section":"Shading Mode"},"sceneLighting":false,"audioPlay":false,"sceneViewState":{"m_AlwaysRefresh":false,"showFog":true,"showSkybox":false,"showFlares":true,"showImageEffects":true,"showParticleSystems":true,"showVisualEffectGraphs":true,"m_FxEnabled":true},"in2DMode":false,"pivot":{"x":-1.2044683694839478,"y":1.805773138999939,"z":-1.889206886291504},"rotation":{"x":0.19524598121643067,"y":0.05439788103103638,"z":-0.010846617631614209,"w":0.9792109727859497},"size":2.3456196784973146,"orthographic":false}